source_id,object_type,ra_deg,dec_deg,parallax_mas,distance_pc,phot_g_mean_mag,abs_mag_g,size_km,vx_au_d,vy_au_d,vz_au_d,speed_km_s,gm_km3_s2,mass_kg,density_g_cm3,mean_radius_km,albedo,rot_per_hr,H
10,sun,0.000000000,0.000000000,0.000000000,0.000000000000e+00,,,,0.000000000000e+00,0.000000000000e+00,0.000000000000e+00,0.000000000,,,,,,,
199,planet,274.906602017,-28.418236909,446989630.183625758,2.237188365173e-06,,,,2.241079156579e-02,3.975591744225e-03,-1.988830888109e-04,39.410652942,22031.868550000,3.301001e+23,,,0.106000,,
299,planet,297.750515963,-23.155210373,283313100.693231344,3.529663815592e-06,,,,1.813949084238e-02,8.256393853378e-03,2.567531061751e-03,34.793295913,324858.592000000,4.867306e+24,5.204000,,0.650000,,
399,planet,113.797537933,21.634843233,209716262.368351579,4.768347426694e-06,,,,-1.623226471244e-02,-5.975998132429e-03,-2.590088379740e-03,30.283547807,,,,,0.367000,,
499,planet,292.694009642,-23.440143417,145536374.886500329,6.871134455423e-06,,,,1.361655794769e-02,5.731275570749e-03,2.261535698862e-03,25.877762922,42828.375662000,6.416909e+23,3.933000,,0.150000,,
599,planet,111.592988465,22.171132040,39543831.646384470,2.528839412787e-05,,,,-7.188725274463e-03,-2.104704821316e-03,-7.271321807892e-04,13.030437851,126686531.900000006,1.898125e+27,1.326200,,0.520000,,
699,planet,2.701745166,-1.348753382,21677943.543626662,4.612983690023e-05,,,,-5.015798612412e-04,5.135322182856e-03,2.142424729647e-03,9.673421717,37931206.233999997,5.683174e+26,,,0.470000,,
799,planet,57.520668870,19.893437662,10584151.155631432,9.448088800848e-05,,,,-3.430994926042e-03,1.633420581878e-03,7.637725084872e-04,6.711073412,5793950.610300000,8.680986e+25,1.271000,,0.510000,,
899,planet,1.511278090,-0.807303014,6902064.202247195,1.448841927136e-04,,,,-8.569884415376e-05,2.921257057379e-03,1.197434428792e-03,5.468481346,6835099.970000000,1.024092e+26,1.638000,,0.410000,,
999,dwarf_planet,306.276586174,-23.258581514,5821851.621751912,1.717666586115e-04,,,,2.709067124578e-03,1.282183742187e-03,-4.053622419105e-04,5.236721970,,,,,,,
301,moon,113.950859160,21.598818201,209924101.292220473,4.763626443292e-06,,,,-1.585579235586e-02,-6.344608835986e-03,-2.775055324583e-03,29.957763289,,7.349000e+22,,,0.120000,,
401,moon,292.696683008,-23.440702521,145537638.870511174,6.871074780111e-06,,,26.200000,1.309983591675e-02,6.554084228461e-03,2.998771427772e-03,25.888282148,,,,13.100000,0.060000,,
402,moon,292.691974539,-23.438660297,145551290.041254133,6.870430346008e-06,,,15.600000,1.305448296755e-02,5.189515556735e-03,2.261354970180e-03,24.636892186,,,,7.800000,0.060000,,
501,moon,111.621967474,22.166829799,39533724.834473617,2.529485911553e-05,,,3642.980000,-8.619519862360e-03,-1.106810445888e-02,-5.023498017091e-03,25.800135647,,,,1821.490000,0.630000,,
502,moon,111.541364586,22.179586244,39547533.143606156,2.528602723130e-05,,,3121.600000,-9.101567353868e-03,4.945715497210e-03,2.548953101257e-03,18.470334938,,,,1560.800000,0.670000,,
503,moon,111.676321563,22.157397990,39548357.262413822,2.528550031458e-05,,,5262.400000,-4.549118102800e-03,-7.258220861677e-03,-3.156834835753e-03,15.806773947,,,,2631.200000,0.430000,,
504,moon,111.482501684,22.186740788,39606349.283734299,2.524847702665e-05,,,4820.600000,-5.474658466280e-03,1.909180673059e-03,1.189917382677e-03,10.248229528,7179.283400000,1.075661e+23,,2410.300000,0.170000,,
601,moon,2.694715327,-1.347871303,21679002.591586713,4.612758339667e-05,,,397.600000,7.136262645467e-03,2.457479838766e-03,1.681110290748e-03,13.388493043,2.503489000,3.750939e+19,1.152000,198.800000,0.600000,,
602,moon,2.700414615,-1.349284023,21674362.921969090,4.613745758527e-05,,,504.600000,1.590097861455e-04,1.238412443389e-02,1.551381336155e-03,21.611925090,7.210367000,1.080318e+20,1.606000,252.300000,1.040000,,
603,moon,2.703100705,-1.348239293,21682398.303700902,4.612035928836e-05,,,1072.600000,-9.152192320130e-04,-1.393770621921e-03,2.573234024960e-03,5.309041995,41.210000000,6.174430e+20,,536.300000,0.800000,,
604,moon,2.690463196,-1.348643706,21674088.545598850,4.613804164803e-05,,,1125.000000,3.567731773970e-03,9.199970037901e-03,1.495143212735e-03,17.280217853,73.116000000,1.095486e+21,1.469000,562.500000,0.600000,,
605,moon,2.722657959,-1.350490126,21676739.643547639,4.613239889596e-05,,,1529.000000,-5.358776890858e-03,5.667362525150e-03,2.501501252921e-03,14.182417411,153.940000000,2.306459e+21,1.233000,764.500000,0.600000,,
606,moon,2.660514161,-1.344310420,21688259.231146805,4.610789595155e-05,,,5151.000000,2.276546897165e-03,3.572055747069e-03,2.001095284385e-03,8.111395812,8978.140000000,1.345181e+23,1.880000,2575.500000,0.200000,,
608,moon,2.735094760,-1.318998376,21731088.227276217,4.601702360882e-05,,,1469.000000,-9.174592939126e-04,3.362602036528e-03,1.897867324565e-03,6.871664314,120.520000000,1.805732e+21,1.088000,734.500000,0.600000,,
701,moon,57.524101803,19.895064953,10584337.971433043,9.447922040084e-05,,,1162.200000,-2.588851840193e-03,6.372297294327e-04,3.664544247579e-03,7.846594865,83.430000000,1.250019e+21,,581.100000,0.340000,,
702,moon,57.525743922,19.894844206,10584440.651137400,9.447830385752e-05,,,1169.400000,-3.162987049389e-03,8.573201608834e-04,3.337458113468e-03,8.098723766,85.400000000,1.279535e+21,,584.700000,0.180000,,
703,moon,57.528791610,19.890784724,10584673.145184120,9.447622862639e-05,,,1577.800000,-4.403864771274e-03,1.340747781158e-03,2.609756732317e-03,9.162410814,222.800000000,3.338178e+21,,788.900000,0.270000,,
704,moon,57.522793444,19.904728483,10584133.930603351,9.448104177032e-05,,,1522.800000,-1.750490022582e-03,1.125549769823e-03,1.244584001858e-03,4.198583597,205.340000000,3.076577e+21,,761.400000,0.240000,,
705,moon,57.519269123,19.891251039,10584127.609645259,9.448109819544e-05,,,480.000000,-6.265038575066e-03,3.036632750742e-03,-1.437403298003e-03,12.308938106,4.300000000,6.442623e+19,,240.000000,0.270000,,
801,moon,1.509571242,-0.805650709,6902531.241869356,1.448743895477e-04,,,2705.200000,2.961412493786e-04,4.169295818421e-03,3.371067463776e-03,9.297588380,1428.495000000,2.140292e+22,,1352.600000,0.700000,,
901,moon,306.276806359,-23.258542680,5821856.630615157,1.717665108312e-04,,,,2.742978641361e-03,1.295318865078e-03,-5.290012914532e-04,5.331544772,106.100000000,1.589680e+21,,,,,
902,moon,306.276429712,-23.259002288,5821825.435459546,1.717674312097e-04,,,36.000000,2.653926173199e-03,1.232823036882e-03,-3.916752553018e-04,5.111929859,,,,18.000000,,,
904,moon,306.276896122,-23.258103146,5821883.554152832,1.717657164899e-04,,,12.000000,2.765000980538e-03,1.327084005883e-03,-4.516591256479e-04,5.367621853,0.000060380,9.046642e+14,,6.000000,,,
20000001,asteroid,29.988078658,3.400657198,71638084.734263256,1.395905548996e-05,,,939.400000,-5.227435103404e-03,7.172356402600e-03,4.447362344463e-03,17.188388031,,,,,0.090000,9.074170,3.350000
20020000,asteroid,134.993357457,26.861672391,4662518.952376779,2.144763399815e-04,,,900.000000,-1.908840104848e-03,-1.697327615086e-03,-3.311439726933e-05,4.423080333,,,,,0.070000,6.343600,3.790000
20000004,asteroid,306.513508142,-21.724044530,93320798.989009365,1.071572479912e-05,,,522.770000,1.024099671234e-02,6.036812963655e-03,1.065133136323e-03,20.665764833,,,,,0.422800,5.342128,3.250000
20000002,asteroid,332.978971356,1.493821957,62652576.349664077,1.596103557528e-05,,,513.000000,2.773687834939e-03,7.880061334943e-03,-1.773136848864e-03,14.786755444,,,,,0.155000,7.813221,4.110000
20000010,asteroid,93.943989185,24.024839124,60640716.549566753,1.649057031149e-05,,,407.120000,-8.844554068929e-03,-8.618104952599e-04,-1.022427504617e-03,15.487996288,,,,,0.071700,13.828000,5.640000
20015789,asteroid,49.078391364,22.672740155,5209839.329168676,1.919444990177e-04,,,328.000000,-1.840342376213e-03,1.788152355502e-03,9.565572794898e-04,4.741584585,,,,,0.022000,,7.090000
20000704,asteroid,196.709442076,-25.271138008,58594165.706163146,1.706654558433e-05,,,306.313000,3.657949221496e-03,-7.233184566147e-03,-2.367006242794e-03,14.620537797,,,,,0.078000,8.727000,6.330000
20000052,asteroid,64.269731000,14.522056191,72735023.558942169,1.374853476454e-05,,,303.918000,-9.895555964818e-03,3.225149720533e-03,2.164557993251e-03,18.406365887,,,,,0.057000,5.630400,6.650000
20010199,asteroid,320.874904279,-6.085975119,11702603.979649354,8.545106727861e-05,,,302.000000,2.407272509779e-03,1.808708203280e-03,2.389418661573e-03,6.655578608,,,,,0.045000,7.004000,6.550000
20000511,asteroid,151.452049605,22.367370708,73563724.977238074,1.359365638852e-05,,,270.327000,-6.927228974856e-03,-8.300405677802e-03,-7.959866229991e-04,18.769888996,,,,,0.076000,5.129700,6.410000
20000031,asteroid,250.255352189,-41.216860295,54174487.128073566,1.845887341095e-05,,,267.080000,7.232107061380e-03,-5.621885002484e-04,-3.037335360365e-03,13.616434007,,,,,0.053000,5.530000,6.810000
20000451,asteroid,258.188673299,-20.262390045,63042145.693207711,1.586240425360e-05,,,253.900000,8.710810062946e-03,-5.890820222293e-04,-2.844312432073e-03,15.898823006,,,,,0.085000,9.727000,6.780000
20000087,asteroid,91.862388696,26.943392871,57511272.404537149,1.738789559316e-05,,,253.051000,-8.788775822106e-03,-2.386591665671e-04,1.682935313326e-03,15.499373562,,,,,0.046000,5.184000,6.930000
20000003,asteroid,269.282243032,-10.622100250,64578644.210479587,1.548499526780e-05,,,246.596000,8.519559257514e-03,1.382796444272e-03,-8.459667020335e-05,14.945007531,,,,,0.214000,7.210000,5.190000
20000065,asteroid,166.841168131,6.331464332,61015150.906149700,1.638937190433e-05,,,237.260000,-1.172824820302e-03,-8.756322187664e-03,-3.189812784705e-03,16.263127319,,,,,0.070600,6.081400,6.830000
20000088,asteroid,157.259757527,4.599480551,65075659.753571078,1.536672857082e-05,,,232.000000,-2.759063669021e-03,-7.653251221234e-03,-3.684688516734e-03,15.463530023,,,,,0.067100,6.042000,7.250000
20000015,asteroid,168.488918464,-6.045996806,69117330.205130771,1.446815143224e-05,,,231.689000,-2.376254227865e-03,-7.701261723250e-03,-4.621403091188e-03,16.086099050,,,,,0.248000,6.083000,5.430000
20095626,asteroid,297.526681049,-23.173913959,11131692.820619186,8.983359639135e-05,,,230.500000,3.967267319525e-03,1.762330571961e-03,-4.704671708389e-04,7.560413443,,,,,0.053000,5.800000,7.190000
20000624,asteroid,175.384421948,-2.993808849,40037126.723312937,2.497681731536e-05,,,225.000000,-2.474861028625e-04,-5.784175202968e-03,-5.027567546990e-03,13.276375623,,,,,0.025000,6.924000,7.330000
20000016,asteroid,83.663292127,20.479805679,76047074.461165741,1.314974977125e-05,,,222.000000,-1.055762470005e-02,2.081580414952e-03,1.094009207222e-03,18.728030763,,,,,0.120300,4.196000,6.200000
20000324,asteroid,251.729074502,-33.101931777,73156831.797463536,1.366926335422e-05,,,220.691000,9.897908327508e-03,8.767507357891e-05,1.270659386953e-03,17.279110910,,,,,0.050000,29.430000,7.190000
20000048,asteroid,228.052861094,-12.987916201,62570501.353170328,1.598197198957e-05,,,216.473000,6.789543574210e-03,-5.940880836513e-03,-1.755785318977e-03,15.913845045,,,,,0.065000,11.890000,7.120000
20000375,asteroid,337.215160038,-9.870830637,73162420.663461968,1.366821916131e-05,,,216.000000,4.603930355533e-03,7.308178569366e-03,6.379071910246e-03,18.591864550,,,,,0.037000,16.899000,7.480000
20000107,asteroid,94.202413622,13.582091677,62957942.882712133,1.588361935305e-05,,,210.370000,-9.749177897000e-03,-9.542083829487e-04,-1.604234407107e-06,16.960941978,,,,,0.059000,4.844000,7.100000
20000121,asteroid,233.479533550,-16.838361097,55285483.947711810,1.808793065727e-05,,,209.000000,7.378732697108e-03,-3.387464976849e-03,-2.667243386402e-03,14.797099668,,,,,0.048200,5.551280,7.400000
20000117,asteroid,299.189118787,-33.125199483,68486469.765757784,1.460142424365e-05,,,208.974000,8.913126639324e-03,3.055173751439e-03,2.970216820089e-03,17.105540570,,,,,0.027000,9.127000,8.150000
20000106,asteroid,308.023335462,-23.050100008,66669233.733235389,1.499942243226e-05,,,207.869000,7.159336010711e-03,6.387929350047e-03,2.499131671920e-03,17.167409172,,,,,0.044000,16.210000,7.760000
20000041,asteroid,133.901936998,6.028719024,79990174.679128245,1.250153539496e-05,,,205.495000,-5.735647909148e-03,-9.394403242982e-03,-1.208374114734e-03,19.172523836,,,,,0.059000,5.988000,7.580000
20000094,asteroid,86.653516761,31.340437162,71763906.300764397,1.393458148458e-05,,,204.890000,-1.055202886001e-02,7.443460962575e-04,5.293115910826e-04,18.338697515,,,,,0.039500,7.220000,7.710000
20000013,asteroid,188.926778827,7.403311299,83866613.940770760,1.192369589055e-05,,,202.636000,-2.382461960517e-04,-9.138648714263e-03,-6.496043973268e-03,19.417827100,,,,,0.049000,7.045000,6.910000
20000045,asteroid,87.647159993,17.705082113,71028964.633480132,1.407876357427e-05,,,202.327000,-9.732619638411e-03,-2.627086565192e-04,5.478385710694e-04,16.884414600,,,,,0.045000,5.699000,7.760000
20000019,asteroid,160.448613727,6.924174731,78616421.260581538,1.271998882632e-05,,,200.000000,-4.908676909872e-03,-8.276305015655e-03,-3.433979338237e-03,17.690079175,,,,,0.037000,7.443200,7.490000
20000007,asteroid,147.636257833,7.641312268,86785864.510164812,1.152261379943e-05,,,199.830000,-8.015950726985e-03,-6.879469231237e-03,-3.663389276954e-03,19.358506992,,,,,0.276600,7.139000,5.680000
20000334,asteroid,113.042211126,20.312574232,51143225.118162945,1.955293194142e-05,,,198.770000,-7.902798880192e-03,-2.995733389209e-03,-5.810859111622e-04,14.668036314,,,,,0.041000,7.361000,7.620000
20000024,asteroid,221.798384220,-16.223611337,67997369.120876461,1.470645133670e-05,,,198.000000,6.182497175166e-03,-7.214990779703e-03,-3.268837686768e-03,17.397881553,,,,,0.067000,8.374000,7.220000
20000154,asteroid,197.732248509,0.729481096,69914583.219316632,1.430316757897e-05,,,192.611000,2.381826315475e-03,-7.328201358477e-03,-6.968428522002e-03,17.988380636,,,,,0.044000,25.224000,7.650000
20042355,asteroid,236.209139365,-22.108624802,7800406.077689422,1.281984540344e-04,,,192.000000,1.971079968101e-03,-2.942520313603e-03,-1.412032571585e-03,6.601692765,,,,,0.050000,5.000000,7.630000
20000702,asteroid,31.219216044,33.280549083,64172793.261121377,1.558292773592e-05,,,190.980000,-5.792634099278e-03,7.342536764217e-03,1.989359950365e-03,16.555571428,,,,,0.061000,16.707200,7.470000
20000009,asteroid,282.337724112,-25.946286286,78116562.842392549,1.280138249321e-05,,,190.000000,9.642931715123e-03,2.659729798734e-03,2.938842331927e-04,17.327260715,,,,,0.118000,5.079000,6.330000
20005145,asteroid,280.697740255,-14.587578650,6767276.284323341,1.477699384487e-04,,,190.000000,2.027304704340e-03,-1.408014813363e-04,-8.362599057601e-04,3.804921232,,,,,0.044000,9.980000,7.070000
20000029,asteroid,214.963362061,-18.303193673,75572464.442073956,1.323233279982e-05,,,189.559000,6.107051918894e-03,-6.966297279771e-03,-3.893403057362e-03,17.399544776,,,,,0.216000,5.392100,5.970000
20054598,asteroid,121.265433880,34.785866861,15533572.002929179,6.437669325584e-05,,,187.500000,-4.516890160274e-03,-1.381172635672e-03,-2.105960281892e-03,8.954327971,,,,,0.050000,9.140000,7.460000
20000006,asteroid,30.282411131,-2.350125320,106344523.598745093,9.403399123524e-06,,,185.180000,-6.118312007269e-03,1.152811577760e-02,3.576680425332e-03,23.430637801,,,,,0.267900,7.274500,5.610000
20000130,asteroid,60.807291656,-2.488227586,80911266.343947887,1.235921825459e-05,,,180.652000,-9.266697186184e-03,6.677983161406e-03,2.639834669149e-03,20.298395322,,,,,0.086000,5.225000,7.460000
20000165,asteroid,317.345565583,-13.644653765,71281308.086953104,1.402892324563e-05,,,180.083000,7.404195980448e-03,5.759055271256e-03,4.679242188338e-03,18.150106707,,,,,0.047000,7.226000,7.810000
20000039,asteroid,125.442371473,13.700953381,71539538.573556468,1.397828417598e-05,,,179.484000,-8.713580709696e-03,-4.717731916028e-03,-5.282115712546e-04,17.180946214,,,,,0.269000,5.138000,5.970000
20000209,asteroid,87.972428328,30.585894416,62328788.537415393,1.604395053178e-05,,,179.008000,-9.214785404425e-03,1.023470490241e-04,7.332874048737e-05,15.956492415,,,,,0.028000,5.736600,8.300000
20000096,asteroid,358.149243183,10.856148458,59534306.360102609,1.679703789528e-05,,,177.774000,-1.066336208812e-03,6.995721059301e-03,4.866082358164e-03,14.869973044,,,,,0.048000,13.868000,7.660000
20000423,asteroid,60.288967423,19.163647704,65293944.722241759,1.531535587647e-05,,,175.859000,-8.171207621254e-03,3.444205588800e-03,3.497509306393e-03,16.504676473,,,,,0.067000,4.775000,7.380000
20000259,asteroid,304.489863956,-25.923687214,72758761.418289393,1.374404924585e-05,,,174.318000,9.429627257759e-03,5.033234456001e-03,2.784221547675e-04,18.513544090,,,,,0.043000,8.143000,7.810000
20000372,asteroid,247.943758683,-45.116387282,52378514.502939261,1.909179764813e-05,,,173.642000,6.935979875352e-03,-2.872214289660e-03,-6.014472174991e-04,13.039970383,,,,,0.059000,8.567000,7.320000
20000747,asteroid,32.335725211,-5.995559592,102845166.698713616,9.723354359758e-06,,,171.710000,-7.711198797563e-03,1.090937858106e-02,4.235202121481e-03,24.265987048,,,,,0.050300,9.414600,8.030000
20000409,asteroid,237.226517180,-20.541802423,86433103.843731478,1.156964120840e-05,,,171.012000,9.730574151295e-03,-6.193298138865e-03,-2.271900013083e-04,19.975086739,,,,,0.054000,9.022000,7.660000
20000153,asteroid,37.308197184,15.879487755,48002690.897825606,2.083216547440e-05,,,170.630000,-4.345094808048e-03,6.446845164853e-03,1.652208678181e-03,13.761700739,,,,,0.061800,5.958500,7.740000
20000790,asteroid,174.190608598,-18.640477587,59147590.852557793,1.690685935954e-05,,,170.370000,1.325462338899e-03,-8.738103291206e-03,-2.140613624767e-03,15.745172585,,,,,0.038400,10.370000,8.040000
20127546,asteroid,246.918607479,58.094965458,7314710.816944459,1.367108044358e-04,,,170.000000,-2.869562570108e-04,-4.054158445231e-03,-2.224645882392e-04,7.047696157,,,,,0.040000,,8.060000
20000241,asteroid,182.013745017,-6.870023180,61481622.763244957,1.626502286465e-05,,,168.900000,9.836132182785e-04,-8.154128860349e-03,-3.433853805262e-03,15.413726384,,,,,0.057500,15.510000,7.750000
20000047,asteroid,146.248519631,16.925003585,63191351.386662088,1.582495037780e-05,,,168.174000,-5.299860511056e-03,-6.260611566805e-03,-3.361300633627e-03,15.348768708,,,,,0.082000,13.178000,8.170000
20000488,asteroid,252.487422201,-20.559121195,66212559.667115003,1.510287481752e-05,,,168.117000,8.674820985561e-03,-3.141939619758e-03,-3.381623757936e-03,17.014123666,,,,,0.047000,32.645000,7.880000
20000532,asteroid,346.631051512,-19.907373302,64201323.380587153,1.557600291309e-05,,,167.791000,3.329477381980e-03,7.966758404100e-03,1.680715242995e-03,15.230863460,,,,,0.285000,9.405000,5.920000
20000022,asteroid,20.754479023,-2.281501940,76447341.336080328,1.308089964311e-05,,,167.536000,-3.745656291529e-03,8.459597882699e-03,5.660441290602e-03,18.779350281,,,,,0.166000,4.148300,6.790000
20000566,asteroid,24.240917674,5.790184291,69428749.549186602,1.440325522918e-05,,,167.381000,-4.271588569137e-03,8.646122016093e-03,4.304462229122e-03,18.285552415,,,,,0.039000,12.103000,8.200000
20000049,asteroid,341.917356054,-4.778717116,78481530.680015281,1.274185138000e-05,,,166.252000,1.785989772991e-03,1.021219373495e-02,4.709965636231e-03,19.715997704,,,,,0.048000,20.705000,7.990000
20002060,asteroid,23.310173229,10.250453568,11207623.661414787,8.922498026435e-05,,,166.000000,-1.853378813953e-03,2.574730416390e-03,6.916106989841e-04,5.621924661,,,,,0.150000,5.918000,5.550000
20000059,asteroid,356.266809710,-2.552005449,85174620.934921488,1.174058644492e-05,,,165.119000,3.385691289034e-04,1.123860255788e-02,2.985880594542e-03,20.142752579,,,,,0.044000,13.671000,8.090000
20000386,asteroid,76.664440568,2.566528631,81581031.243593559,1.225775140074e-05,,,165.010000,-1.077202399740e-02,3.830591283248e-03,1.116391472149e-03,19.889628406,,,,,0.069200,9.763000,7.750000
20000128,asteroid,248.704269496,-21.341007344,70171072.537189141,1.425088663808e-05,,,162.515000,9.351699446716e-03,-1.667696827237e-03,-1.871252976680e-03,16.763603755,,,,,0.067000,38.932500,7.670000
20000194,asteroid,108.374700836,7.786759055,67323669.894104347,1.485361688650e-05,,,161.667000,-8.794638504288e-03,-1.445794528471e-03,8.516573618486e-04,15.502226159,,,,,0.057000,15.679000,7.840000
20000654,asteroid,53.242406052,31.327084712,100279229.315731555,9.972154820331e-06,,,160.736000,-1.123564167220e-02,5.561466059209e-03,-1.312521929704e-03,21.825441812,,,,,0.027000,31.735000,8.600000
20000185,asteroid,18.149357167,-8.859525778,86259264.678478941,1.159295762290e-05,,,160.464000,-3.547448868701e-03,1.120970746152e-02,1.093089200025e-03,20.445622615,,,,,0.062000,21.797000,7.630000
20000146,asteroid,103.200189974,26.978452616,73182014.118205160,1.366455968791e-05,,,160.310000,-9.463110321899e-03,-3.301222740674e-03,8.825835329007e-04,17.420510879,,,,,0.036000,18.557000,8.510000
20000054,asteroid,134.388247675,17.466085937,63835657.996069394,1.566522585326e-05,,,160.120000,-5.961152712192e-03,-4.757101003326e-03,-3.984650029589e-03,14.898860357,,,,,0.059000,7.024000,7.960000
20000596,asteroid,134.739301439,30.139675789,66579332.820944391,1.501967589086e-05,,,159.726000,-6.241698469068e-03,-6.878327868002e-03,-1.983935385161e-03,16.444847423,,,,,0.040000,15.848000,8.930000
20000444,asteroid,31.158271864,9.469883227,86611354.338418946,1.154583030872e-05,,,159.331000,-5.293359920135e-03,1.042293108157e-02,2.248020459770e-03,20.611664469,,,,,0.051000,6.214000,8.070000
20000190,asteroid,283.466534366,-16.947066275,44541255.343557715,2.245109600721e-05,,,159.000000,7.044511352101e-03,1.951514297172e-03,5.435139396196e-04,12.691585186,,,,,0.066000,6.521000,7.880000
20000238,asteroid,177.556666788,-0.343668997,66240466.792114429,1.509651197263e-05,,,155.659000,-9.173787908670e-04,-9.170265187377e-03,-1.805401203618e-03,16.260474363,,,,,0.039000,8.874900,8.040000
20000120,asteroid,163.729263300,6.675551471,67857865.670727655,1.473668513025e-05,,,155.132000,-2.586840136070e-03,-8.307412686659e-03,-4.914283282354e-03,17.302013145,,,,,0.058000,46.551000,7.780000
20000085,asteroid,46.000635142,12.197109281,83042921.915449649,1.204196549127e-05,,,154.790000,-6.680554070714e-03,8.950383856002e-03,1.412566114379e-03,19.492122245,,,,,0.066600,6.875000,7.940000
20000361,asteroid,153.469188032,21.475214459,59689259.394223422,1.675343286462e-05,,,154.334000,-6.695186235449e-03,-6.138631145208e-03,-3.789352824681e-03,17.041221778,,,,,0.038000,13.835000,8.370000
20000093,asteroid,186.905857710,-3.631157149,76119994.846535891,1.313715275488e-05,,,154.155000,2.893385415408e-03,-8.576389698341e-03,-5.384568712337e-03,18.235431785,,,,,0.056000,5.982000,7.900000
20000014,asteroid,219.448937649,-8.439600143,92767082.982477903,1.077968572310e-05,,,152.000000,6.909591395427e-03,-8.807529083670e-03,-5.149302864449e-03,21.334916842,,,,,0.159000,15.028000,6.540000
20000776,asteroid,219.836430364,-2.600922399,60628139.867264748,1.649399111022e-05,,,151.711000,5.049254640408e-03,-5.235322867325e-03,-4.479997938384e-03,14.790934885,,,,,0.065000,7.668000,7.690000
20000139,asteroid,257.333523581,-33.593888369,76138466.624547645,1.313396558052e-05,,,151.116000,9.942316694511e-03,-2.991275050017e-03,-2.106957360653e-03,18.343365974,,,,,0.052000,20.991000,8.050000
20000354,asteroid,286.624815699,-12.062050225,68499897.613631904,1.459856196633e-05,,,148.970000,9.139340980839e-03,2.228594053488e-03,-1.547211049563e-03,16.506882329,,,,,0.201000,4.277000,6.170000
20000419,asteroid,325.574475026,-9.629350411,98258273.641346261,1.017726002036e-05,,,148.701000,9.171081728204e-03,8.374229950669e-03,3.699734820411e-03,22.437202526,,,,,0.034000,16.784000,8.560000
20000471,asteroid,66.928325911,17.521827437,90632019.092139810,1.103362818149e-05,,,148.128000,-1.072792916102e-02,4.093281650701e-03,5.076544260677e-03,21.737523149,,,,,0.164000,7.113000,6.330000
20000095,asteroid,201.038754211,-17.377585562,58579764.770715348,1.707074113244e-05,,,147.969000,3.201572585969e-03,-7.637033186936e-03,-1.712257789410e-03,14.641427693,,,,,0.058000,8.705000,7.970000
20000008,asteroid,241.261062749,-16.318553971,82553614.671299085,1.211333996678e-05,,,147.491000,9.269928972629e-03,-3.367690581585e-03,-2.274422253633e-03,17.525039366,,,,,0.226000,12.865000,6.610000
20000762,asteroid,356.497080968,10.316161083,61368474.445741385,1.629501155164e-05,,,147.343000,-1.125335074182e-03,7.807636414053e-03,4.470327680662e-03,15.699014680,,,,,0.040000,5.839000,8.430000
20000187,asteroid,87.124614849,33.083019930,67715179.666117325,1.476773752843e-05,,,147.294000,-9.117060021462e-03,-1.649448659398e-03,-3.442414089855e-04,16.053132424,,,,,0.044000,10.670000,8.380000
20000536,asteroid,109.022045180,36.729789630,57445667.355504304,1.740775320463e-05,,,147.066000,-8.445591477589e-03,-2.791287766148e-03,1.154447468452e-03,15.530313825,,,,,0.048000,8.791000,8.120000
20000328,asteroid,320.882745023,-25.594095820,61163099.289985090,1.634972739460e-05,,,145.680000,5.958484277234e-03,5.019901625605e-03,4.429617454492e-03,15.517993709,,,,,0.025000,10.992000,9.010000
20000356,asteroid,154.967519043,13.803670513,83610841.309013918,1.196017148427e-05,,,145.503000,-7.557418928052e-03,-7.337587025462e-03,-4.638103736156e-03,19.928065582,,,,,0.065000,31.701000,8.370000
20000089,asteroid,5.342607490,17.726353326,98446890.487659633,1.015776115474e-05,,,145.483000,-2.549860395637e-03,1.074530168392e-02,6.670369318566e-03,22.338955441,,,,,0.189000,11.387000,6.380000
20000076,asteroid,25.149239177,10.328861617,65927081.792327359,1.516827338346e-05,,,145.423000,-5.871302835798e-03,7.697427674036e-03,2.936473195360e-03,17.516445029,,,,,0.058000,9.973000,8.000000
20000168,asteroid,18.171412731,8.230459564,66085327.042354777,1.513195204980e-05,,,145.366000,-3.446401701947e-03,8.995595115883e-03,3.008872190477e-03,17.474142396,,,,,0.056000,47.009000,8.270000
20000196,asteroid,83.476854575,24.794937217,65354574.884355851,1.530114765140e-05,,,144.626000,-9.494892265680e-03,4.311195401075e-04,1.484491778490e-03,16.656449096,,,,,0.342000,8.334000,6.720000
20000268,asteroid,30.407256159,9.778377165,59418731.877728835,1.682970956125e-05,,,144.585000,-4.984110191848e-03,6.470095260073e-03,2.835621814919e-03,14.969266814,,,,,0.041000,7.800000,8.610000
20000156,asteroid,132.217558452,8.229368370,79973636.767184734,1.250412061304e-05,,,143.346000,-6.296172396707e-03,-8.197528278092e-03,-3.791530158174e-03,19.063092686,,,,,0.030000,22.132000,8.810000
20000011,asteroid,150.506150580,13.922079211,76448919.835552216,1.308062955175e-05,,,142.887000,-5.178879029967e-03,-8.043538945321e-03,-2.681344202731e-03,17.202432222,,,,,0.191000,13.720400,6.730000
20000144,asteroid,207.066604737,-7.303489125,63764740.269915611,1.568264836910e-05,,,142.380000,4.550610488150e-03,-6.312813059536e-03,-3.298716308707e-03,14.634774035,,,,,0.059700,13.819000,8.070000
20000211,asteroid,256.287617243,-23.230827981,58613335.619960524,1.706096384761e-05,,,141.125000,8.212977771534e-03,-1.897389420291e-03,-2.048036043192e-04,14.599275555,,,,,0.062000,18.365000,7.960000
20000617,asteroid,48.764514025,21.274145084,43261739.000075884,2.311511333371e-05,,,140.362000,-5.504818712230e-03,3.586345778532e-03,4.911582586320e-03,14.203070735,,,,,0.047000,102.800000,8.230000
20000349,asteroid,276.478631707,-30.699868765,69881447.447925046,1.430994972944e-05,,,139.770000,9.767827547651e-03,1.965723305897e-03,2.864911693121e-04,17.258777544,,,,,0.384000,4.701000,6.040000
20000018,asteroid,241.303047561,-10.500497337,79283871.107103765,1.261290582859e-05,,,139.594000,9.392513357562e-03,-2.805000365678e-03,-1.579832958379e-03,17.191474970,,,,,0.181000,11.570000,6.350000
20000489,asteroid,350.893527138,-4.705713364,62412408.369202442,1.602245492730e-05,,,139.390000,1.610456630660e-03,8.942309561100e-03,1.618046148189e-03,15.979812435,,,,,0.042700,9.020000,8.600000
20000420,asteroid,157.801066882,2.123796270,61089312.022368841,1.636947555791e-05,,,138.699000,-3.583040032352e-03,-8.032281022376e-03,-3.370300182347e-03,16.308323247,,,,,0.044000,10.987000,8.320000
20000476,asteroid,270.711194578,-26.398086329,83913082.133872703,1.191709295584e-05,,,138.493000,1.116694864778e-02,-6.088896422701e-04,2.006442140517e-03,19.672984381,,,,,0.035000,27.330000,8.670000
20000051,asteroid,223.568004673,-8.871545976,91582766.534630477,1.091908486540e-05,,,138.159000,7.802223605929e-03,-8.499156875935e-03,-2.139035949401e-03,20.316846616,,,,,0.100000,7.783000,7.730000
20000069,asteroid,182.987433828,-1.547384290,75383963.324049518,1.326542086546e-05,,,138.130000,-9.933887835771e-04,-1.040154092817e-02,-2.777699880161e-03,18.720122777,,,,,0.140200,5.655000,7.210000
20000804,asteroid,217.841646217,-28.611406873,71331066.989514247,1.401913699324e-05,,,137.952000,8.100365418340e-03,-4.889532784063e-03,-3.293230700463e-03,17.346468708,,,,,0.054000,14.845000,8.000000
20000426,asteroid,16.884125165,27.674166324,65927175.467486307,1.516825183104e-05,,,137.562000,-4.868045330021e-03,7.040919767667e-03,3.657857959245e-03,16.117653705,,,,,0.040000,67.520000,8.550000
20000104,asteroid,59.389688850,21.440250766,78120347.115694687,1.280076237397e-05,,,136.553000,-1.018476577316e-02,4.474895419246e-03,2.501971735497e-03,19.742708745,,,,,0.052000,8.984000,8.530000
20000212,asteroid,330.182492843,-10.941527041,66850365.148610562,1.495878141843e-05,,,136.120000,4.242389485807e-03,7.852756370220e-03,4.149332248115e-03,17.042374331,,,,,0.046500,10.283000,8.480000
20000020,asteroid,161.388118359,7.328105634,94323984.265721560,1.060175741923e-05,,,135.680000,-5.389622982029e-03,-1.003268946754e-02,-4.249339371790e-03,21.046979881,,,,,0.241000,8.098000,6.540000
20000690,asteroid,291.366344804,-14.974893157,70321120.058601618,1.422047884287e-05,,,134.650000,8.810298422498e-03,4.347301125335e-03,3.373574730765e-03,17.985610869,,,,,0.060400,8.640000,8.140000
20000469,asteroid,217.954046997,-26.382185912,75340491.738900185,1.327307503468e-05,,,133.718000,7.104605281594e-03,-7.433182561038e-03,-4.165227418026e-03,19.208774550,,,,,0.035000,17.572700,8.660000
20000034,asteroid,102.018900965,17.507981672,82697673.021500066,1.209223867448e-05,,,132.992000,-1.084239744167e-02,-2.929520229702e-03,-1.030980045150e-03,19.528084615,,,,,0.023000,12.150000,8.760000
20000147,asteroid,334.707866910,-8.429352084,67155161.295287788,1.489088821636e-05,,,132.930000,4.365551215598e-03,8.160159702911e-03,3.565319447613e-03,17.171805261,,,,,0.049200,7.852800,8.730000
20000036,asteroid,183.129605732,-3.568234139,63853055.881159991,1.566095758770e-05,,,132.842000,-1.508418936215e-03,-6.363901918377e-03,-5.711390911903e-03,15.034246939,,,,,0.029000,9.930000,8.570000
20000098,asteroid,89.376931529,38.942506464,86410329.462929010,1.157269051299e-05,,,132.788000,-1.161369733358e-02,-1.101700022303e-03,-1.318499688058e-03,20.327491314,,,,,0.029000,16.479000,8.960000
20000283,asteroid,52.909306840,26.648443718,74505354.783646315,1.342185407886e-05,,,132.385000,-8.308888225377e-03,6.492621204124e-03,2.346634297742e-03,18.704418298,,,,,0.023000,6.896000,8.780000
20000705,asteroid,37.605226714,33.575847462,72819007.685866758,1.373267820833e-05,,,132.261000,-8.072391860281e-03,4.200692660586e-03,4.985145157326e-03,17.965564885,,,,,0.031000,53.680000,8.470000
20000046,asteroid,295.592588378,-19.159705030,90483880.289547384,1.105169226607e-05,,,131.471000,1.009346658694e-02,5.941609196957e-03,2.299479046015e-03,20.666690235,,,,,0.046000,21.040000,8.510000
20000618,asteroid,6.086014673,-14.784702036,69137648.239514232,1.446389956071e-05,,,131.292000,-1.022581819424e-05,9.816094085806e-03,3.045108664143e-03,17.795172998,,,,,0.050000,14.791000,8.550000
20000911,asteroid,171.282439894,-2.667485434,38138831.280694582,2.621999590497e-05,,,131.038000,-1.011166086999e-03,-5.132039291293e-03,-5.108213921360e-03,12.659085030,,,,,0.072000,6.592000,7.860000
20000247,asteroid,183.468333478,-3.887668302,67490847.983936518,1.481682376013e-05,,,130.935000,-1.198207175269e-03,-6.092241383612e-03,-6.860409910581e-03,16.021012987,,,,,0.064000,12.093000,8.160000
20000171,asteroid,46.282252012,15.301706913,64424453.159905724,1.552205647005e-05,,,130.808000,-7.836537150459e-03,4.800300521208e-03,2.407563768036e-03,16.448891246,,,,,0.076000,6.665350,8.630000
20000588,asteroid,184.560468363,-10.869217090,39586367.926579759,2.526122128341e-05,,,130.099000,1.190357568798e-04,-6.471597619695e-03,-3.865792587392e-03,13.053863798,,,,,0.043000,7.306000,8.220000
20000360,asteroid,326.670687373,-15.889361764,68933266.715524122,1.450678384541e-05,,,129.125000,4.259417872491e-03,8.832606664226e-03,1.774282141075e-03,17.254352518,,,,,0.043000,6.183000,8.500000
20000350,asteroid,174.710140457,28.537062471,66686088.731191568,1.499563130822e-05,,,128.729000,-3.696062355307e-03,-8.864595999037e-03,-1.968459138353e-03,16.975057527,,,,,0.048000,9.178000,8.460000
20000137,asteroid,84.711681903,11.383512238,58714182.351994857,1.703166015333e-05,,,128.678000,-8.264159769226e-03,2.336308840514e-03,-2.854428251237e-04,14.878056409,,,,,0.065000,25.676000,8.350000
20000308,asteroid,36.690793319,11.773011517,74416701.091145605,1.343784372778e-05,,,128.578000,-6.067150520064e-03,7.857565779361e-03,2.704032355906e-03,17.814953116,,,,,0.047000,12.031000,8.180000
20000200,asteroid,104.012333200,27.444871234,83177641.764016181,1.202246155087e-05,,,128.301000,-1.131518000132e-02,-8.271603552751e-04,-1.370973233009e-03,19.786927851,,,,,0.053000,37.394000,8.450000
20000070,asteroid,204.218132641,-5.096905317,79264623.759913296,1.261596854391e-05,,,127.911000,5.883200811187e-03,-7.125609308567e-03,-5.368767565579e-03,18.503921734,,,,,0.038000,15.805200,8.170000
20000145,asteroid,38.089173170,6.434182928,79865568.510536700,1.252104027617e-05,,,127.783000,-7.528118370809e-03,6.161380447335e-03,4.870483429821e-03,18.836848621,,,,,0.061000,15.071000,8.410000
20000381,asteroid,122.933989320,19.125039548,59277985.667453110,1.686966904729e-05,,,127.639000,-7.227829762709e-03,-5.128147310941e-03,-1.141790613771e-04,15.345871252,,,,,0.064000,6.572000,8.380000
20000279,asteroid,204.912936793,-8.558284609,47857382.760442764,2.089541764132e-05,,,126.590000,3.312646420498e-03,-6.835826653343e-03,-3.207891095385e-03,14.277194288,,,,,0.041200,23.896000,8.580000
20000772,asteroid,330.508898799,-41.875129889,67136004.232155561,1.489513728792e-05,,,126.473000,6.631012555385e-03,6.955624176788e-03,1.279355935135e-03,16.786006275,,,,,0.028000,17.258000,8.440000
20000092,asteroid,215.931252157,-4.662660636,61711178.692780867,1.620451952439e-05,,,126.420000,5.855119251777e-03,-6.139971177649e-03,-3.491974226005e-03,15.885637750,,,,,0.250900,15.941000,6.710000
20000111,asteroid,21.661198732,14.316093146,80604377.170212626,1.240627413929e-05,,,126.344000,-5.621193490202e-03,8.456985994306e-03,3.744138243915e-03,18.739530992,,,,,0.062000,22.072000,8.210000
20003451,asteroid,75.323329699,-1.156202396,38389414.758354485,2.604884722246e-05,,,126.288000,-6.917783019304e-03,2.310414847325e-03,-1.942480032721e-05,12.628258623,,,,,0.044000,7.702000,8.450000
20000780,asteroid,237.385742775,-0.513970901,63523085.483643986,1.574230836532e-05,,,126.263000,8.072623782342e-03,-4.190828262775e-03,-2.127465096341e-03,16.173735072,,,,,0.028000,19.891000,8.980000
20000173,asteroid,216.212645653,-0.616926865,63014723.160959147,1.586930720057e-05,,,125.821000,5.462312791828e-03,-6.254847941116e-03,-1.979281369116e-03,14.781159979,,,,,0.096000,6.150000,7.920000
20000388,asteroid,264.844723895,-29.805201057,71338624.409477055,1.401765184397e-05,,,125.754000,1.030210881897e-02,-2.830489194126e-04,-2.715587644602e-05,17.844449959,,,,,0.042000,9.516000,8.690000
20000159,asteroid,231.857244887,-12.594136964,63199590.861253403,1.582288724298e-05,,,125.236000,6.862911728724e-03,-5.705215833096e-03,-2.545965749085e-03,16.069093612,,,,,0.064000,24.476000,8.280000
20000303,asteroid,298.716841559,-26.036348677,64562336.646015339,1.548890656611e-05,,,124.923000,8.354830800936e-03,3.793640474017e-03,2.520820577049e-03,16.476105307,,,,,0.034000,12.497000,9.080000
20000203,asteroid,133.714757055,19.380632089,76154912.162179887,1.313112932059e-05,,,124.592000,-8.365708454519e-03,-5.644652142582e-03,-2.930246669849e-03,18.195421886,,,,,0.036000,24.052000,8.930000
20000344,asteroid,357.196797565,-18.385770917,100569061.821891218,9.943415816795e-06,,,124.181000,5.766056520266e-03,1.037224642457e-02,5.809580504508e-03,22.877657960,,,,,0.067000,10.747000,8.290000
20000712,asteroid,355.568961294,8.981993474,92014291.759303808,1.086787694477e-05,,,124.125000,-1.210966943396e-03,1.177636562446e-02,2.998678305263e-03,21.145143242,,,,,0.039000,11.742600,8.580000
20000357,asteroid,70.752791816,8.201385930,70071244.041902587,1.427118946828e-05,,,124.107000,-9.460288788006e-03,3.400430121657e-03,2.457044520743e-03,17.918449927,,,,,0.037000,35.983000,8.990000
20000227,asteroid,167.745455116,1.284191712,73297024.769136906,1.364311857336e-05,,,123.891000,-2.627381119544e-04,-9.246498903928e-03,-5.555860045321e-03,18.683241985,,,,,0.065000,26.468000,9.130000
20000068,asteroid,68.846209172,25.677403479,78634176.268565729,1.271711674813e-05,,,122.509000,-9.492038601883e-03,4.201514293324e-03,3.397670051267e-03,18.911415207,,,,,0.228000,14.848000,6.900000
20000127,asteroid,221.387376396,-18.000127737,74255138.732126877,1.346708143133e-05,,,122.000000,6.687311933231e-03,-6.461704481844e-03,-4.383160416253e-03,17.800004593,,,,,0.042000,12.798800,8.550000
20000216,asteroid,244.909559988,-14.637143939,61869161.866664357,1.616314121331e-05,,,122.000000,8.102078785803e-03,-2.384655043254e-03,5.626548102813e-04,14.655822352,,,,,0.116400,5.385000,7.040000
20000694,asteroid,206.237680684,-16.701804383,67595202.618858159,1.479394929310e-05,,,121.891000,6.360963762020e-03,-6.530445238271e-03,-1.139455498350e-04,15.785869511,,,,,0.026000,5.925000,9.270000
20000056,asteroid,65.060820461,14.910537641,71816369.926341712,1.392440192989e-05,,,121.333000,-7.725692731316e-03,5.546630995492e-03,1.292235321261e-03,16.618496716,,,,,0.057000,18.147000,8.530000
20000250,asteroid,30.710340507,14.882138757,70677745.511070564,1.414872521427e-05,,,120.995000,-6.700006318757e-03,6.155843819902e-03,5.079967842567e-03,18.042957582,,,,,0.112000,5.054500,7.680000
20000028,asteroid,221.630664697,-6.440513319,75212726.509891525,1.329562224909e-05,,,120.900000,5.697673926317e-03,-8.267468983842e-03,-2.906333144459e-03,18.098594889,,,,,0.176300,15.706000,7.230000
20000078,asteroid,301.476649076,-25.411308219,65538408.917451628,1.525822821331e-05,,,120.600000,7.775603995523e-03,2.980447235959e-03,2.423383338559e-03,15.016420157,,,,,0.070600,7.299100,8.300000
20000514,asteroid,345.194130567,-2.224825573,69811744.263730481,1.432423742662e-05,,,120.093000,2.327974626528e-03,9.015405996530e-03,4.061536302989e-03,17.588830937,,,,,0.030000,21.851000,9.200000
20000150,asteroid,89.892426833,21.463620090,70282467.302137420,1.422829958005e-05,,,119.128000,-1.004591414378e-02,1.236460733614e-03,3.038538689393e-04,17.533217307,,,,,0.052000,8.134700,8.580000
20000410,asteroid,78.539030271,19.636102458,61369907.799054831,1.629463096595e-05,,,118.929000,-7.818065332582e-03,1.326335724093e-03,2.160879576872e-03,14.230712238,,,,,0.043000,32.500000,8.440000
20000490,asteroid,275.749035627,-14.117310439,64851777.612015054,1.541977778902e-05,,,118.803000,9.471667185781e-03,1.739937816340e-03,3.843587192659e-04,16.687471141,,,,,0.059000,7.930000,8.660000
20003317,asteroid,63.848450201,-6.274705927,36679966.714945495,2.726283826186e-05,,,118.790000,-5.498893558263e-03,3.759567904212e-03,2.068080394992e-03,12.076726835,,,,,0.055000,7.081200,8.410000
20000074,asteroid,115.963248603,17.199070149,74451615.390506297,1.343154201228e-05,,,118.710000,-1.016373777644e-02,-1.795321125669e-03,-8.619421745389e-04,17.932718424,,,,,0.043100,17.268000,8.930000
20001867,asteroid,51.884897846,38.981330340,39058091.640242599,2.560288938873e-05,,,118.220000,-5.477286415419e-03,4.939143710905e-03,-2.196423185610e-04,12.775764007,,,,,0.060000,58.660000,8.320000
20001172,asteroid,60.834567845,21.993135532,37516121.530445129,2.665520739367e-05,,,118.020000,-5.767136067181e-03,4.214442349855e-03,-3.753586560846e-04,12.384731664,,,,,0.059000,8.705000,8.190000
20136204,asteroid,166.247300947,10.336614666,11085065.125838576,9.021146819147e-05,,,118.000000,-2.162174470479e-03,-2.929630350853e-03,-1.977091383351e-03,7.173879896,,,,,0.046000,8.240000,8.720000
20000141,asteroid,2.890395413,11.049954205,98095877.406625137,1.019410831971e-05,,,117.916000,-2.206544292249e-03,1.102614094223e-02,6.635745461632e-03,22.607134013,,,,,0.067000,19.870000,8.380000
20001437,asteroid,191.725973386,-25.411798483,38763295.262772389,2.579760036450e-05,,,117.786000,2.661588166735e-03,-5.792606464252e-03,-3.738135309688e-03,12.795453936,,,,,0.061000,24.490000,8.150000
20000081,asteroid,195.040465512,-8.811242380,62550949.180410616,1.598696763363e-05,,,117.727000,1.371664480458e-03,-7.344664943891e-03,-4.458396543897e-03,15.064954741,,,,,0.045000,10.943000,8.690000
20000508,asteroid,155.774819168,23.922490333,64721867.215714984,1.545072852529e-05,,,117.241000,-5.028795062550e-03,-7.263092439010e-03,-3.759569987068e-03,16.623397617,,,,,0.065000,52.800000,8.380000
20000791,asteroid,30.586429014,-4.597760078,75962282.602642789,1.316442799950e-05,,,116.865000,-3.767977288285e-03,9.964357220487e-03,3.119672856574e-03,19.219828082,,,,,0.026000,11.174000,9.330000
20001093,asteroid,312.642034972,-42.154975476,90118236.111373186,1.109653321181e-05,,,116.730000,1.008825727080e-02,7.785264864616e-03,1.331378862180e-03,22.183999983,,,,,0.038100,19.670000,9.040000
20000909,asteroid,152.734295629,12.742425068,54864092.622025229,1.822685753484e-05,,,116.440000,-4.519871698526e-03,-7.310406691349e-03,-1.486267277450e-04,14.883820514,,,,,0.034300,8.715500,8.760000
20000393,asteroid,125.936659781,4.147322372,55704401.795958512,1.795190268200e-05,,,116.191000,-5.705835380837e-03,-4.271423366919e-03,-1.607993163114e-03,12.651163642,,,,,0.022000,38.455000,8.380000
20000063,asteroid,358.984778436,1.940104260,88234783.587303311,1.133339890850e-05,,,116.044000,1.424148401229e-03,9.872462513571e-03,5.485701433551e-03,19.710233799,,,,,0.125000,9.298000,7.130000
20000090,asteroid,164.470667086,9.006847713,57368835.843115777,1.743106662883e-05,,,115.974000,-1.789889694801e-03,-7.503164159076e-03,-3.300775407512e-03,14.527355802,,,,,0.058000,16.509000,8.430000
20000181,asteroid,9.148477872,-9.956559704,67538031.300851747,1.480647245321e-05,,,115.383000,-3.252071118666e-03,9.196967269019e-03,1.970096816828e-03,17.231384583,,,,,0.101000,52.230000,8.070000
20000012,asteroid,58.605715055,19.521429354,83998959.666995153,1.190490934607e-05,,,115.087000,-7.886291360095e-03,7.079166077716e-03,1.385600713923e-03,18.505383725,,,,,0.163000,8.659900,7.290000
20000505,asteroid,317.668568632,-23.242580970,73393428.717151299,1.362519802493e-05,,,115.000000,5.324838262438e-03,8.117316729525e-03,2.493511862740e-03,17.354547851,,,,,0.040000,8.178900,8.750000
20000276,asteroid,224.080863910,-11.082229736,65139341.078523524,1.535170579626e-05,,,114.723000,6.141208022902e-03,-7.341915372408e-03,5.971908291723e-04,16.605275367,,,,,0.051000,6.315000,8.570000
20001143,asteroid,165.995555612,3.186543751,41237564.207678415,2.424973490102e-05,,,114.624000,-2.523006983131e-03,-6.908904649348e-03,-2.760140890896e-03,13.602343581,,,,,0.050000,10.114000,8.390000
20000751,asteroid,109.669629363,29.820181684,83530937.463021830,1.197161231960e-05,,,113.699000,-1.059449127618e-02,-2.868190382111e-03,1.805092496611e-03,19.259538544,,,,,0.027000,23.678000,8.940000
20002241,asteroid,24.905721860,25.220897414,37454367.913156174,2.669915568509e-05,,,113.682000,-3.588676416221e-03,5.960718469181e-03,1.347544318725e-03,12.270720969,,,,,0.048000,7.689000,8.520000
20000129,asteroid,351.983535336,-10.759708664,71773245.171442032,1.393276836809e-05,,,113.000000,3.860810896198e-03,9.199561691688e-03,1.796782998482e-03,17.552414727,,,,,0.151000,4.957200,7.010000
20000206,asteroid,106.167111481,20.168616002,78274479.372319266,1.277555606909e-05,,,113.000000,-1.045238154784e-02,-2.666291001397e-03,-5.663455185183e-04,18.703111074,,,,,0.057000,11.122000,8.930000
20762135,asteroid,99.295014025,38.135411782,7206170.242260958,1.387699660682e-04,,,112.700000,-1.311631073515e-03,-5.366328000104e-04,3.624541974690e-03,6.738383197,,,,,0.074000,263.800000,8.280000
20000545,asteroid,128.087462447,24.439003108,54841942.763370410,1.823421909604e-05,,,112.631000,-6.672874545247e-03,-3.412732966337e-03,-2.973420500739e-03,13.961086657,,,,,0.041000,7.200000,8.810000
20000057,asteroid,257.256504100,-9.839556582,59831975.075544648,1.671347132929e-05,,,112.590000,8.677049523846e-03,-1.536327901462e-03,5.067796819448e-04,15.282822965,,,,,0.214900,25.324000,6.940000
20000659,asteroid,162.040815890,8.510783431,35783626.885833509,2.794574186654e-05,,,112.320000,-2.199360889861e-03,-5.617525206185e-03,-3.006213801401e-03,11.670468529,,,,,0.035000,15.980000,8.700000
20003793,asteroid,182.777694265,-7.370093704,40370110.586172603,2.477080160247e-05,,,112.046000,-2.423918498891e-04,-7.673635898186e-03,-5.362597320878e-04,13.325584312,,,,,0.042000,5.621000,8.800000
20000517,asteroid,325.529610010,-11.156696388,66781845.328763284,1.497412949698e-05,,,111.890000,4.269200579328e-03,8.073533153609e-03,3.798188132200e-03,17.126046420,,,,,0.026000,9.274700,9.640000
20003063,asteroid,177.549459479,-11.739038460,41143110.037484728,2.430540615644e-05,,,111.655000,8.756343176732e-05,-6.976828171713e-03,-3.568925758159e-03,13.569699060,,,,,0.056000,8.637000,8.540000
20000230,asteroid,334.386855969,-0.539891802,90790575.583952799,1.101435907382e-05,,,111.332000,4.345119743350e-03,1.005054994559e-02,4.048870252881e-03,20.213375219,,,,,0.164000,24.005500,7.500000
20000788,asteroid,310.957830262,-7.271156389,68021106.931124702,1.470131912162e-05,,,111.295000,8.413577974150e-03,5.388680884531e-03,7.766390612214e-04,17.351698108,,,,,0.041000,37.137000,8.780000
20000040,asteroid,106.039894146,23.404396998,90361225.511837780,1.106669364360e-05,,,111.251000,-1.106638594892e-02,-2.510005884583e-03,-1.791043012064e-04,19.650098048,,,,,0.220000,8.910000,6.560000
20000042,asteroid,98.693096131,25.231253934,74500265.672219425,1.342277092540e-05,,,110.997000,-9.514581007815e-03,-2.167535528493e-04,1.455787305962e-03,16.670031805,,,,,0.139000,13.590000,7.700000
20000083,asteroid,350.424038982,-7.559624077,79237469.584420547,1.262029195587e-05,,,110.503000,2.568022320993e-03,8.848576427944e-03,4.556606996530e-03,17.797381186,,,,,0.050000,10.111000,8.730000
